{"cameraMode":{"drawMode":0,"name":"Shaded","section":"Shading Mode"},"sceneLighting":true,"audioPlay":false,"sceneViewState":{"m_AlwaysRefresh":false,"showFog":true,"showSkybox":true,"showFlares":true,"showImageEffects":true,"showParticleSystems":true,"showVisualEffectGraphs":true,"m_FxEnabled":true},"in2DMode":false,"pivot":{"x":-116.96806335449219,"y":12.964884757995606,"z":158.72012329101563},"rotation":{"x":0.05442157760262489,"y":-0.5579820871353149,"z":-0.03670631721615791,"w":-0.8272597193717957},"size":0.6588186621665955,"orthographic":false}